"users","requests","failures","median_ms","p95_ms","p99_ms","avg_ms","rps"
"5","25","0","0","49000","54000","0","0.318038475765688"
"10","68","0","0","11000","14000","0","0.783974306840002"
"20","65","0","0","16000","19000","0","0.748361821683752"
"40","59","0","0","44000","46000","0","0.662660250348718"
